{"cameraMode":{"drawMode":0,"name":"Shaded","section":"Shading Mode"},"sceneLighting":false,"audioPlay":false,"sceneViewState":{"m_AlwaysRefresh":false,"showFog":true,"showSkybox":false,"showFlares":true,"showImageEffects":true,"showParticleSystems":true,"showVisualEffectGraphs":true,"m_FxEnabled":true},"in2DMode":false,"pivot":{"x":-0.010022163391113282,"y":0.1799391806125641,"z":-0.14519309997558595},"rotation":{"x":0.11213115602731705,"y":-0.1822698712348938,"z":0.020911240950226785,"w":0.9766378998756409},"size":0.9339392185211182,"orthographic":false}